{"initial_reset_timestamp": 1599132353.0063748, "timestamps": [1599133026.946129, 1599133330.405668, 1599133713.7020223, 1599160351.2000408, 1599161049.4433699, 1599161135.1447296, 1599193158.7478426, 1599193744.1064897, 1599194340.1946087, 1599223253.1874533, 1599223834.2744586, 1599224420.4484427, 1599252786.4779072, 1599253391.9867501, 1599253444.71098, 1599282809.481774, 1599283670.5049756, 1599284077.9982948, 1599312482.8265455, 1599313088.7235546, 1599313513.4134812, 1599343072.200179, 1599343772.002995, 1599344009.6593237, 1599372825.3937035, 1599373655.4451892, 1599373953.3045502, 1599405068.7364395, 1599405168.889839, 1599405744.219209, 1599436697.1039584, 1599437176.3303256, 1599438044.2391186, 1599470123.6465816, 1599470934.4480217, 1599471824.4456804, 1599504414.6876926, 1599505433.4041152, 1599505555.2412457], "episode_lengths": [18000, 8094, 9013, 919, 18000, 1566, 11529, 18000, 18000, 18000, 18000, 18000, 2930, 10610, 644, 2218, 18000, 6450, 11971, 18000, 7252, 8420, 18000, 6239, 1331, 18000, 5622, 4016, 1521, 13594, 18000, 10334, 18000, 13348, 18000, 18000, 18000, 18000, 1924], "episode_rewards": [0.0, 0.0, 0.0, 0.0, 0.0, 0.0, 0.0, 0.0, 0.0, 0.0, 0.0, 0.0, 0.0, 0.0, 0.0, 0.0, 0.0, 0.0, 0.0, 0.0, 0.0, 0.0, 0.0, 0.0, 0.0, 0.0, 0.0, 0.0, 0.0, 0.0, 0.0, 0.0, 0.0, 0.0, 0.0, 0.0, 0.0, 0.0, 0.0], "episode_types": ["t", "t", "t", "t", "t", "t", "t", "t", "t", "t", "t", "t", "t", "t", "t", "t", "t", "t", "t", "t", "t", "t", "t", "t", "t", "t", "t", "t", "t", "t", "t", "t", "t", "t", "t", "t", "t", "t", "t"]}